date and time,downstream: min dBmV,downstream: max dBmV,downstream: avg dBmV,downstream: min RxMER (dB),downstream: max RxMER (dB),downstream: avg RxMER (dB),"downstream: pre RS Errors (cuml, all channels)","downstream: post RS Errors (cuml, all channels)",upstream: min dBmV,upstream: max dBmV,upstream: avg dBmV
2024-08-09 11:45:22,13.5,16.5,15.60,40.3,40.9,40.57,89263,157221,35.5,36.3,35.90
2024-08-09 11:45:49,13.5,16.5,15.60,40.3,40.9,40.72,89263,157221,35.5,36.3,35.90
2024-08-09 11:46:00,13.5,16.5,15.59,40.3,40.9,40.67,89263,157221,35.5,36.3,35.90
2024-08-09 11:46:39,13.5,16.5,15.59,40.3,40.9,40.72,89263,157221,35.5,36.3,35.90
2024-08-09 11:50:36,13.5,16.5,15.60,40.3,40.9,40.70,89264,157221,35.5,36.3,35.95
2024-08-09 11:52:45,13.5,16.5,15.58,40.3,40.9,40.67,89264,157221,35.5,36.3,35.95
2024-08-09 12:00:01,13.5,16.5,15.57,40.3,40.9,40.65,89265,157221,35.5,36.3,35.95
2024-08-09 12:15:01,13.5,16.5,15.50,40.3,40.9,40.65,89266,157221,35.5,36.3,35.95
2024-08-09 12:30:01,13.5,16.5,15.50,40.3,40.9,40.62,89267,157221,35.5,36.3,35.95
2024-08-09 12:45:01,13.5,16.5,15.48,40.3,40.9,40.57,89269,157221,35.8,36.3,36.02
2024-08-09 13:00:01,13.4,16.5,15.45,40.3,40.9,40.55,89271,157221,35.5,36.3,35.90
2024-08-09 13:30:01,10.8,16.3,14.33,40.3,40.9,40.50,115,0,35.8,36.8,36.22
2024-08-09 13:44:03,10.8,16.1,14.29,40.3,40.9,40.62,119,0,36.0,36.8,36.35
2024-08-09 13:44:14,10.8,16.1,14.29,40.3,40.9,40.60,119,0,36.0,36.8,36.35
2024-08-09 13:45:01,10.8,16.1,14.31,40.3,40.9,40.50,119,0,36.0,36.8,36.35
2024-08-09 14:00:01,10.8,16.1,14.23,40.3,40.9,40.52,120,0,36.0,36.8,36.40
2024-08-09 14:15:01,10.6,16.0,14.21,40.3,40.9,40.50,123,0,36.0,37.0,36.45
2024-08-09 14:30:01,10.5,16.0,14.13,40.3,40.9,40.57,124,0,36.0,37.0,36.45
2024-08-09 14:45:01,10.5,16.0,14.12,38.9,40.9,40.42,124,0,36.0,37.0,36.45
2024-08-09 15:00:01,10.5,15.9,14.05,38.9,40.9,40.44,124,0,36.0,37.0,36.45
2024-08-09 15:15:01,10.5,15.9,13.98,38.9,40.9,40.44,124,0,36.0,37.0,36.45
2024-08-09 15:30:01,10.4,15.8,13.92,38.9,40.9,40.44,124,0,36.0,37.0,36.45
2024-08-09 15:45:01,10.3,15.8,13.83,38.9,40.9,40.49,126,0,36.0,37.0,36.45
2024-08-09 16:00:01,10.6,16.3,14.27,40.3,40.9,40.42,160,0,36.0,37.0,36.45
2024-08-09 16:15:01,10.6,16.1,14.18,40.3,40.9,40.52,162,0,36.0,37.0,36.45
2024-08-09 16:30:01,10.5,16.1,14.13,40.3,40.9,40.57,163,0,36.0,37.0,36.45
2024-08-09 16:45:01,10.6,16.1,14.15,40.3,40.9,40.55,169,0,36.3,37.0,36.52
2024-08-09 17:00:01,10.6,16.1,14.16,40.3,40.9,40.52,172,0,36.3,37.0,36.52
2024-08-09 17:15:01,10.8,16.3,14.22,40.3,40.9,40.55,173,0,36.3,37.0,36.52
2024-08-09 17:30:01,10.8,16.3,14.30,40.3,40.9,40.60,176,0,36.3,37.0,36.52
2024-08-09 17:45:01,10.4,15.9,13.88,38.9,40.9,40.42,223,12,36.3,37.0,36.52
2024-08-09 18:00:02,10.5,15.9,13.90,39.3,40.9,40.56,223,12,36.3,37.0,36.52
2024-08-09 18:15:01,10.5,15.9,13.93,40.3,40.9,40.55,224,12,36.3,37.0,36.52
2024-08-09 18:30:01,10.5,15.6,13.88,38.9,40.9,40.44,227,12,36.3,37.0,36.52
2024-08-09 18:45:01,10.5,15.8,13.92,38.9,40.9,40.44,228,12,36.3,37.0,36.52
2024-08-09 19:00:01,11.0,16.4,14.49,40.3,40.9,40.50,245,12,36.3,37.0,36.52
2024-08-09 19:15:01,10.5,15.9,14.03,40.3,40.9,40.52,284,12,36.3,37.0,36.52
2024-08-09 19:30:01,10.6,15.6,14.03,40.3,40.9,40.57,287,12,36.0,37.0,36.45
2024-08-09 19:45:01,10.8,16.0,14.21,40.3,40.9,40.50,291,12,36.0,36.8,36.40
2024-08-09 20:00:01,10.9,15.9,14.20,40.3,40.9,40.47,293,12,36.0,36.8,36.33
2024-08-09 20:15:01,11.0,16.0,14.29,40.3,40.9,40.50,302,12,35.8,36.8,36.22
2024-08-09 20:30:01,11.0,16.0,14.37,40.3,40.9,40.52,310,12,35.8,36.5,36.15
2024-08-09 20:45:01,11.0,16.1,14.43,40.3,40.9,40.55,313,12,35.8,36.5,36.10
2024-08-09 21:00:01,11.1,16.1,14.49,40.3,40.9,40.60,321,12,35.8,36.5,36.02
2024-08-09 21:15:01,11.3,16.1,14.50,40.3,40.9,40.55,331,12,35.8,36.5,36.02
2024-08-09 21:30:01,11.3,16.1,14.54,40.3,40.9,40.50,345,12,35.8,36.5,36.02
2024-08-09 21:45:01,11.4,16.1,14.64,40.3,40.9,40.57,355,12,35.5,36.5,35.95
2024-08-09 22:00:01,11.4,16.3,14.67,40.3,40.9,40.57,369,12,35.5,36.5,35.95
2024-08-09 22:15:01,11.4,16.4,14.68,40.3,40.9,40.62,383,12,35.5,36.3,35.90
2024-08-09 22:30:01,11.4,16.4,14.72,40.3,40.9,40.57,385,12,35.8,36.3,35.97
2024-08-09 22:45:01,11.5,16.5,14.80,40.3,40.9,40.45,397,12,35.8,36.5,36.02
2024-08-09 23:00:01,11.0,16.0,14.37,40.3,40.9,40.50,406,12,35.8,36.5,36.02
2024-08-09 23:15:01,11.0,16.0,14.35,40.3,40.9,40.55,406,12,35.8,36.5,36.02
2024-08-09 23:30:01,11.0,16.0,14.39,40.3,40.9,40.50,408,12,35.8,36.5,36.02
2024-08-09 23:45:01,11.0,16.0,14.40,40.3,40.9,40.60,410,12,35.8,36.5,36.02
2024-08-10 00:00:01,11.0,16.0,14.41,40.3,40.9,40.50,416,12,35.8,36.5,36.02
2024-08-10 00:15:01,11.0,16.0,14.40,40.3,40.9,40.55,422,12,35.8,36.5,36.02
2024-08-10 00:30:02,11.0,16.0,14.43,40.3,40.9,40.55,423,12,35.8,36.8,36.17
2024-08-10 00:45:01,11.0,16.0,14.43,40.3,40.9,40.57,427,12,35.8,36.8,36.17
2024-08-10 01:00:01,11.0,16.0,14.44,40.3,40.9,40.62,437,12,35.8,36.8,36.17
2024-08-10 01:15:01,11.0,16.0,14.46,40.3,40.9,40.55,441,12,35.8,36.8,36.17
2024-08-10 01:30:01,11.1,16.3,14.63,40.3,40.9,40.55,449,12,35.8,36.8,36.17
2024-08-10 01:45:01,11.0,16.0,14.50,40.3,40.9,40.52,464,12,35.8,36.8,36.17
2024-08-10 02:00:01,11.1,16.3,14.63,40.3,40.9,40.60,466,12,35.8,36.8,36.17
2024-08-10 02:15:01,11.3,16.3,14.63,40.3,40.9,40.47,480,12,35.8,36.8,36.17
2024-08-10 02:30:01,11.0,16.0,14.50,40.3,40.9,40.47,483,12,35.8,36.8,36.17
2024-08-10 02:45:01,11.1,16.1,14.51,40.3,40.9,40.45,484,12,35.8,36.8,36.17
2024-08-10 03:00:01,11.1,16.1,14.52,40.3,40.9,40.55,485,12,35.8,36.8,36.17
2024-08-10 03:15:01,11.1,16.1,14.53,40.3,40.9,40.57,488,12,35.8,36.8,36.17
2024-08-10 03:30:01,11.3,16.4,14.66,40.3,40.9,40.65,500,12,35.8,36.8,36.17
2024-08-10 03:45:01,11.3,16.4,14.63,40.3,40.9,40.52,506,12,35.8,36.8,36.17
2024-08-10 04:00:01,11.3,16.4,14.67,40.3,40.9,40.55,515,12,35.8,36.5,36.10
2024-08-10 04:15:01,11.3,16.4,14.65,40.3,40.9,40.72,524,12,35.8,36.5,36.10
2024-08-10 04:30:01,11.1,16.1,14.53,40.3,40.9,40.60,524,12,35.8,36.5,36.10
2024-08-10 04:45:01,11.1,16.1,14.52,40.3,40.9,40.52,527,12,35.8,36.5,36.10
2024-08-10 05:00:01,11.3,16.4,14.68,40.3,40.9,40.60,532,12,35.8,36.5,36.10
2024-08-10 05:15:01,11.1,16.1,14.54,40.3,40.9,40.47,534,12,35.8,36.5,36.10
2024-08-10 05:30:01,11.1,16.3,14.56,40.3,40.9,40.47,540,12,35.8,36.5,36.10
2024-08-10 05:45:01,11.1,16.3,14.57,40.3,40.9,40.55,544,12,35.8,36.5,36.10
2024-08-10 06:00:01,11.1,16.1,14.55,40.3,40.9,40.52,547,12,35.8,36.5,36.10
2024-08-10 06:15:01,11.1,16.1,14.53,40.3,40.9,40.62,547,12,35.8,36.5,36.10
2024-08-10 06:30:01,11.1,16.1,14.54,40.3,40.9,40.50,554,12,35.8,36.5,36.10
2024-08-10 06:45:01,11.1,16.1,14.55,40.3,40.9,40.62,556,12,35.8,36.5,36.10
2024-08-10 07:00:01,11.1,16.1,14.53,40.3,40.9,40.50,557,12,35.8,36.5,36.10
2024-08-10 07:15:01,11.1,16.1,14.52,40.3,40.9,40.55,561,12,35.8,36.5,36.10
2024-08-10 07:30:01,11.0,16.1,14.52,40.3,40.9,40.57,563,12,35.8,36.5,36.10
2024-08-10 07:45:01,11.0,16.1,14.50,40.3,40.9,40.50,576,12,35.8,36.5,36.10
2024-08-10 08:00:01,11.0,16.1,14.50,40.3,40.9,40.60,576,12,35.8,36.5,36.10
2024-08-10 08:15:02,11.0,16.0,14.47,40.3,40.9,40.52,576,12,35.8,36.5,36.15
2024-08-10 08:30:01,11.0,16.0,14.42,40.3,40.9,40.45,576,12,35.8,36.5,36.15
2024-08-10 08:45:01,11.0,16.0,14.38,40.3,40.9,40.60,576,12,35.8,36.5,36.15
2024-08-10 09:00:01,11.0,16.0,14.36,40.3,40.9,40.45,577,12,35.8,36.8,36.22
2024-08-10 09:15:01,11.0,16.0,14.37,40.3,40.9,40.50,582,12,35.8,36.8,36.22
2024-08-10 09:30:01,11.0,16.0,14.38,40.3,40.9,40.57,582,12,35.8,36.8,36.22
2024-08-10 09:45:01,11.4,16.4,14.77,40.3,40.9,40.42,588,12,35.8,36.8,36.22
2024-08-10 10:00:01,11.3,16.4,14.76,40.3,40.9,40.52,603,12,35.8,36.8,36.22
2024-08-10 10:15:01,11.3,16.3,14.68,40.3,40.9,40.55,609,12,36.0,36.8,36.27
2024-08-10 10:30:01,11.3,16.5,14.73,40.3,40.9,40.62,611,12,36.0,36.8,36.27
2024-08-10 10:45:01,11.1,16.5,14.70,40.3,40.9,40.47,617,12,36.0,36.8,36.27
2024-08-10 11:00:01,11.1,16.4,14.69,40.3,40.9,40.50,622,12,36.0,36.8,36.33
2024-08-10 11:15:01,11.1,16.5,14.70,40.3,40.9,40.60,626,12,36.0,36.8,36.27
2024-08-10 11:30:02,11.3,16.3,14.67,40.3,40.9,40.45,634,12,36.0,36.8,36.27
2024-08-10 11:45:01,11.1,16.3,14.65,40.3,40.9,40.45,637,12,35.8,36.8,36.22
2024-08-10 12:00:01,11.1,16.4,14.72,40.3,40.9,40.55,639,12,35.8,36.8,36.22
2024-08-10 12:15:01,11.3,16.5,14.76,40.3,40.9,40.45,648,12,35.8,36.8,36.22
2024-08-10 12:30:01,11.3,16.5,14.76,40.3,40.9,40.60,658,12,35.8,36.5,36.15
2024-08-10 12:45:01,11.1,16.5,14.71,40.3,40.9,40.55,664,12,35.8,36.5,36.15
2024-08-10 13:00:01,11.3,16.1,14.61,40.3,40.9,40.50,670,12,35.8,36.5,36.15
2024-08-10 13:15:01,11.3,16.0,14.58,40.3,40.9,40.52,676,12,35.8,36.5,36.15
2024-08-10 13:30:01,11.3,16.1,14.62,40.3,40.9,40.60,686,12,35.8,36.5,36.15
2024-08-10 13:45:01,11.3,16.1,14.63,40.3,40.9,40.50,691,12,35.8,36.5,36.15
2024-08-10 14:00:01,11.3,16.1,14.63,40.3,40.9,40.52,704,12,35.8,36.5,36.15
2024-08-10 14:15:01,11.3,16.1,14.62,40.3,40.9,40.52,725,12,35.8,36.5,36.15
2024-08-10 14:30:01,11.1,16.1,14.58,40.3,40.9,40.57,728,12,35.8,36.5,36.15
2024-08-10 14:45:01,11.1,16.1,14.53,40.3,40.9,40.45,729,12,35.8,36.5,36.15
2024-08-10 15:00:01,11.0,16.0,14.49,40.3,40.9,40.55,737,12,35.8,36.5,36.15
2024-08-10 15:15:01,11.0,16.0,14.43,40.3,40.9,40.55,740,12,35.8,36.8,36.22
2024-08-10 15:30:01,10.9,16.0,14.34,40.3,40.9,40.52,740,12,36.0,36.8,36.27
2024-08-10 15:45:01,10.6,16.0,14.20,40.3,40.9,40.55,742,12,36.0,36.8,36.27
2024-08-10 16:00:01,10.5,15.9,14.06,40.3,40.9,40.55,752,12,36.0,37.0,36.45
2024-08-10 16:15:01,10.5,15.9,14.00,40.3,40.9,40.52,753,12,36.0,37.0,36.45
2024-08-10 16:30:01,10.5,15.8,13.95,38.9,40.9,40.47,755,12,36.3,37.0,36.52
2024-08-10 16:45:01,10.4,15.8,13.90,38.9,40.9,40.44,756,12,36.3,37.0,36.52
2024-08-10 17:00:01,10.4,15.8,13.86,38.9,40.9,40.57,756,12,36.3,37.3,36.65
2024-08-10 17:15:01,10.4,15.8,13.86,38.9,40.9,40.49,764,12,36.3,37.3,36.72
2024-08-10 17:30:01,10.5,15.8,13.88,38.9,40.9,40.49,766,12,36.3,37.3,36.72
2024-08-10 17:45:01,10.5,15.9,13.95,38.9,40.9,40.49,771,12,36.3,37.3,36.72
2024-08-10 18:00:01,10.5,15.8,13.99,38.9,40.9,40.37,771,12,36.3,37.3,36.72
2024-08-10 18:15:01,10.5,15.9,14.00,39.3,40.9,40.46,774,12,36.3,37.0,36.52
2024-08-10 18:30:01,11.0,16.3,14.49,40.3,40.9,40.55,789,12,36.3,37.0,36.52
2024-08-10 18:45:01,10.9,16.3,14.42,40.3,40.9,40.57,798,12,36.3,37.0,36.52
2024-08-10 19:00:01,10.9,16.3,14.41,40.3,40.9,40.50,813,12,36.3,37.0,36.52
2024-08-10 19:15:01,10.9,16.3,14.41,40.3,40.9,40.47,820,12,36.3,37.0,36.52
2024-08-10 19:30:01,10.9,16.1,14.36,40.3,40.9,40.55,821,12,36.3,37.0,36.52
2024-08-10 19:45:01,11.0,16.1,14.41,40.3,40.9,40.50,825,12,36.3,37.0,36.52
2024-08-10 20:00:01,11.0,16.3,14.50,40.3,40.9,40.52,834,12,36.3,37.0,36.52
2024-08-10 20:15:01,10.5,15.9,14.11,40.3,40.9,40.55,873,12,36.3,37.0,36.52
2024-08-10 20:30:01,10.6,16.0,14.15,40.3,40.9,40.50,875,12,36.3,37.0,36.52
2024-08-10 20:45:01,10.6,16.0,14.24,40.3,40.9,40.62,876,12,36.3,37.0,36.52
2024-08-10 21:00:01,10.8,16.0,14.30,40.3,40.9,40.62,892,12,36.0,36.8,36.40
2024-08-10 21:15:01,10.9,16.0,14.31,40.3,40.9,40.55,894,12,36.0,36.8,36.33
2024-08-10 21:30:01,10.9,16.0,14.31,40.3,40.9,40.47,896,12,36.0,36.8,36.27
2024-08-10 21:45:01,10.9,16.0,14.34,40.3,40.9,40.60,897,12,36.0,36.8,36.27
2024-08-10 22:00:01,10.9,16.0,14.38,40.3,40.9,40.60,907,12,36.0,36.8,36.27
2024-08-10 22:15:01,11.0,16.0,14.40,40.3,40.9,40.52,910,12,35.8,36.8,36.22
2024-08-10 22:30:01,11.0,16.0,14.43,40.3,40.9,40.37,918,12,35.8,36.8,36.22
2024-08-10 22:45:01,11.0,16.0,14.48,40.3,40.9,40.50,923,12,35.8,36.8,36.22
2024-08-10 23:00:01,11.0,16.1,14.47,40.3,40.9,40.50,931,12,35.8,36.5,36.15
2024-08-10 23:15:01,11.0,16.1,14.47,40.3,40.9,40.62,932,12,35.8,36.5,36.15
2024-08-10 23:30:01,11.0,16.1,14.53,40.3,40.9,40.50,934,12,35.8,36.5,36.15
2024-08-10 23:45:01,11.0,16.1,14.51,40.3,40.9,40.40,942,12,35.8,36.5,36.10
2024-08-11 00:00:01,11.0,16.1,14.53,40.3,40.9,40.60,951,12,35.8,36.5,36.10
2024-08-11 00:15:01,11.0,16.1,14.53,40.3,40.9,40.52,957,12,35.8,36.5,36.10
2024-08-11 00:30:01,11.1,16.1,14.55,40.3,40.9,40.52,971,12,35.8,36.5,36.10
2024-08-11 00:45:01,11.1,16.0,14.54,40.3,40.9,40.62,979,12,35.8,36.5,36.10
2024-08-11 01:00:01,11.1,16.3,14.63,40.3,40.9,40.60,997,12,35.8,36.5,36.02
2024-08-11 01:15:01,11.3,16.1,14.62,40.3,40.9,40.57,1023,12,35.8,36.5,36.02
2024-08-11 01:30:01,11.4,16.3,14.71,40.3,40.9,40.52,1036,12,35.8,36.5,36.02
2024-08-11 01:45:01,11.4,16.3,14.74,40.3,40.9,40.50,1045,12,35.8,36.5,36.02
2024-08-11 02:00:01,11.5,16.4,14.75,40.3,40.9,40.50,1059,12,35.5,36.5,35.95
2024-08-11 02:15:01,11.0,16.0,14.35,40.3,40.9,40.57,1086,12,35.5,36.3,35.90
2024-08-11 02:30:01,11.0,16.0,14.36,40.3,40.9,40.65,1092,12,35.5,36.3,35.90
2024-08-11 02:45:01,11.0,16.0,14.38,40.3,40.9,40.50,1093,12,35.5,36.3,35.90
2024-08-11 03:00:01,11.0,16.0,14.38,40.3,40.9,40.47,1095,12,35.5,36.3,35.85
2024-08-11 03:15:01,11.0,16.0,14.41,40.3,40.9,40.55,1096,12,35.5,36.3,35.77
2024-08-11 03:30:01,11.0,16.0,14.41,40.3,40.9,40.62,1099,12,35.5,36.3,35.77
2024-08-11 03:45:01,11.0,16.1,14.44,40.3,40.9,40.47,1107,12,35.5,36.5,35.88
2024-08-11 04:00:01,11.0,16.1,14.47,40.3,40.9,40.55,1108,12,35.5,36.5,35.95
2024-08-11 04:15:01,11.0,16.0,14.48,40.3,40.9,40.55,1119,12,35.5,36.5,35.95
2024-08-11 04:30:01,11.0,16.0,14.49,40.3,40.9,40.52,1127,12,35.5,36.5,35.95
2024-08-11 04:45:01,11.0,16.0,14.49,40.3,40.9,40.45,1141,12,35.5,36.5,35.95
2024-08-11 05:00:01,11.0,16.0,14.48,40.3,40.9,40.55,1155,12,35.5,36.5,35.95
2024-08-11 05:15:01,11.0,16.0,14.46,40.3,40.9,40.55,1156,12,35.5,36.5,35.95
2024-08-11 05:30:01,11.0,16.0,14.45,40.3,40.9,40.37,1163,12,35.5,36.5,35.95
2024-08-11 05:45:01,11.0,16.0,14.45,40.3,40.9,40.62,1164,12,35.5,36.5,35.95
2024-08-11 06:00:01,11.0,16.0,14.45,40.3,40.9,40.55,1168,12,35.5,36.5,35.95
2024-08-11 06:15:01,11.0,16.0,14.44,40.3,40.9,40.55,1170,12,35.5,36.5,35.95
2024-08-11 06:30:01,11.0,16.0,14.45,40.3,40.9,40.60,1175,12,35.5,36.5,35.95
2024-08-11 06:45:01,11.0,16.0,14.43,40.3,40.9,40.57,1188,12,35.5,36.5,35.95
2024-08-11 07:00:01,11.0,16.0,14.42,40.3,40.9,40.60,1192,12,35.5,36.5,35.95
2024-08-11 07:15:01,11.0,16.0,14.41,40.3,40.9,40.55,1192,12,35.5,36.5,35.95
2024-08-11 07:30:01,11.0,16.0,14.40,40.3,40.9,40.55,1198,12,35.5,36.5,35.95
2024-08-11 07:45:01,11.0,16.0,14.40,40.3,40.9,40.55,1201,12,35.5,36.5,35.95
2024-08-11 08:00:01,10.9,16.0,14.38,40.3,40.9,40.60,1205,12,35.5,36.5,35.95
2024-08-11 08:15:01,10.9,16.0,14.33,40.3,40.9,40.62,1206,12,35.8,36.5,36.02
2024-08-11 08:30:01,10.8,15.9,14.24,40.3,40.9,40.50,1209,12,35.8,36.5,36.02
2024-08-11 08:45:01,10.8,15.9,14.20,40.3,40.9,40.45,1210,12,35.8,36.8,36.17
2024-08-11 09:00:01,10.8,15.8,14.15,40.3,40.9,40.50,1210,12,35.8,36.8,36.17
2024-08-11 09:15:01,11.1,16.3,14.57,40.3,40.9,40.50,1216,12,35.8,36.8,36.22
2024-08-11 09:30:01,11.0,16.0,14.51,40.3,40.9,40.52,1222,12,35.8,36.8,36.22
2024-08-11 09:45:01,11.0,16.0,14.46,40.3,40.9,40.42,1232,12,36.0,36.8,36.27
2024-08-11 10:00:01,11.0,16.0,14.41,40.3,40.9,40.57,1234,12,36.0,36.8,36.27
2024-08-11 10:15:01,11.0,15.9,14.35,40.3,40.9,40.52,1236,12,36.0,36.8,36.27
2024-08-11 10:30:01,11.0,16.0,14.33,40.3,40.9,40.52,1239,12,36.0,36.8,36.35
2024-08-11 10:45:01,11.0,16.0,14.32,40.3,40.9,40.52,1242,12,36.0,36.8,36.27
2024-08-11 11:00:01,11.0,16.0,14.30,40.3,40.9,40.52,1245,12,36.0,36.8,36.27
2024-08-11 11:15:01,10.8,16.0,14.23,40.3,40.9,40.50,1245,12,36.0,36.8,36.27
2024-08-11 11:30:01,10.6,15.9,14.16,40.3,40.9,40.50,1248,12,36.0,36.8,36.27
2024-08-11 11:45:01,10.6,15.9,14.14,40.3,40.9,40.55,1249,12,36.0,36.8,36.27
2024-08-11 12:00:01,10.6,16.0,14.11,40.3,40.9,40.50,1250,12,36.0,36.8,36.33
2024-08-11 12:15:01,10.5,15.9,14.06,40.3,40.9,40.50,1253,12,36.0,36.8,36.40
2024-08-11 12:30:01,10.5,15.9,14.05,40.3,40.9,40.55,1256,12,36.0,37.0,36.45
2024-08-11 12:45:01,10.5,15.8,13.98,38.9,40.9,40.34,1257,12,36.0,37.0,36.45
2024-08-11 13:00:01,10.9,16.1,14.37,40.3,40.9,40.57,1272,12,36.0,37.0,36.45
2024-08-11 13:15:01,10.6,15.9,14.15,40.3,40.9,40.52,1275,12,36.3,37.0,36.58
2024-08-11 13:30:01,10.4,15.9,14.00,38.9,40.9,40.47,1278,12,36.5,37.3,36.77
2024-08-11 13:45:01,10.4,15.9,13.94,38.9,40.9,40.47,1280,12,36.5,37.5,36.95
2024-08-11 14:00:01,10.3,15.8,13.84,38.9,40.9,40.49,1284,12,36.5,37.5,36.95
2024-08-11 14:15:01,10.3,15.8,13.81,38.9,40.9,40.52,1287,12,36.5,37.5,36.95
2024-08-11 14:30:01,10.1,15.6,13.72,38.9,40.9,40.47,1289,12,36.5,37.5,36.95
2024-08-11 14:45:01,10.5,16.1,14.13,38.9,40.9,40.49,1321,12,36.5,37.5,36.95
2024-08-11 15:00:01,10.6,16.1,14.13,38.9,40.9,40.42,1321,12,36.5,37.5,36.95
2024-08-11 15:15:01,10.5,16.1,14.09,38.9,40.9,40.42,1326,12,36.5,37.5,36.95
2024-08-11 15:30:01,10.5,16.0,14.05,38.9,40.9,40.54,1332,12,36.5,37.5,36.95
2024-08-11 15:45:01,10.5,16.0,13.97,38.9,40.9,40.44,1336,12,36.5,37.3,36.77
2024-08-11 16:00:01,10.5,16.0,14.05,38.9,40.9,40.39,1337,12,36.5,37.3,36.77
2024-08-11 16:15:01,10.6,16.1,14.16,40.3,40.9,40.55,1345,12,36.5,37.3,36.77
2024-08-11 16:30:01,10.6,16.3,14.20,40.3,40.9,40.57,1352,12,36.5,37.3,36.77
2024-08-11 16:45:01,10.6,16.3,14.20,40.3,40.9,40.57,1356,12,36.5,37.3,36.77
2024-08-11 17:00:01,10.8,16.3,14.25,40.3,40.9,40.72,1364,12,36.5,37.3,36.77
2024-08-11 17:15:01,10.8,16.4,14.32,40.3,40.9,40.55,1368,12,36.5,37.3,36.77
2024-08-11 17:30:01,10.9,16.5,14.40,40.3,40.9,40.47,1379,12,36.3,37.3,36.72
2024-08-11 17:45:01,11.0,16.5,14.48,40.3,40.9,40.60,1388,12,36.3,37.3,36.72
2024-08-11 18:00:01,11.0,16.5,14.54,40.3,40.9,40.60,1393,12,36.3,37.0,36.60
2024-08-11 18:15:01,11.0,16.5,14.53,40.3,40.9,40.50,1411,12,36.3,37.0,36.60
2024-08-11 18:30:01,11.0,16.4,14.48,40.3,40.9,40.52,1421,12,36.3,37.0,36.60
2024-08-11 18:45:01,10.4,15.9,13.91,38.9,40.9,40.39,1487,12,36.3,37.3,36.72
2024-08-11 19:00:01,10.5,15.9,13.92,38.9,40.9,40.42,1489,12,36.3,37.3,36.72
2024-08-11 19:15:01,10.4,15.8,13.88,38.9,40.9,40.52,1489,12,36.3,37.3,36.72
2024-08-11 19:30:01,10.4,15.8,13.85,38.9,40.9,40.44,1490,12,36.3,37.3,36.72
2024-08-11 19:45:01,10.4,15.8,13.85,38.9,40.9,40.47,1490,12,36.3,37.3,36.72
2024-08-11 20:00:01,10.5,15.9,13.91,38.9,40.9,40.49,1494,12,36.3,37.3,36.65
2024-08-11 20:15:01,10.5,16.0,14.01,40.3,40.9,40.60,1498,12,36.0,36.8,36.33
2024-08-11 20:30:01,10.6,16.0,14.11,40.3,40.9,40.62,1503,12,36.0,36.8,36.27
2024-08-11 20:45:01,10.8,16.0,14.21,40.3,40.9,40.55,1504,12,36.0,36.8,36.27
2024-08-11 21:00:01,10.8,16.1,14.27,40.3,40.9,40.52,1509,12,36.0,36.8,36.27
2024-08-11 21:15:01,10.9,16.3,14.38,40.3,40.9,40.45,1514,12,36.0,36.8,36.27
2024-08-11 21:30:01,11.0,16.3,14.44,40.3,40.9,40.50,1523,12,35.8,36.8,36.22
2024-08-11 21:45:01,11.0,16.4,14.48,40.3,40.9,40.57,1530,12,35.8,36.8,36.22
2024-08-11 22:00:01,11.0,16.4,14.52,40.3,40.9,40.55,1541,12,35.8,36.5,36.02
2024-08-11 22:15:01,11.1,16.4,14.60,40.3,40.9,40.57,1551,12,35.8,36.5,36.10
2024-08-11 22:30:01,10.6,16.0,14.13,40.3,40.9,40.47,1594,12,35.8,36.5,36.10
2024-08-11 22:45:01,10.8,15.8,14.13,40.3,40.9,40.57,1600,12,35.8,36.5,36.10
2024-08-11 23:00:01,10.6,16.0,14.22,40.3,40.9,40.50,1603,12,35.8,36.5,36.10
2024-08-11 23:15:02,10.6,16.0,14.26,40.3,40.9,40.57,1611,12,35.8,36.5,36.10
2024-08-11 23:30:01,10.8,16.0,14.26,40.3,40.9,40.57,1612,12,35.8,36.8,36.17
2024-08-11 23:45:01,10.8,16.0,14.26,40.3,40.9,40.50,1626,12,35.8,36.8,36.22
2024-08-12 00:00:01,10.9,16.0,14.30,40.3,40.9,40.55,1627,12,35.8,36.8,36.22
2024-08-12 00:15:01,10.9,16.0,14.31,40.3,40.9,40.57,1632,12,35.8,36.8,36.22
2024-08-12 00:30:01,10.9,16.0,14.34,40.3,40.9,40.60,1639,12,35.8,36.8,36.22
2024-08-12 00:45:01,11.0,15.9,14.35,40.3,40.9,40.50,1644,12,35.8,36.8,36.22
2024-08-12 01:00:01,11.0,16.0,14.39,40.3,40.9,40.55,1652,12,35.8,36.8,36.22
2024-08-12 01:15:01,11.0,16.0,14.38,40.3,40.9,40.57,1655,12,35.8,36.8,36.22
2024-08-12 01:30:01,11.0,16.0,14.39,40.3,40.9,40.60,1662,12,35.8,36.8,36.22
2024-08-12 01:45:01,11.0,16.0,14.42,40.3,40.9,40.55,1672,12,35.8,36.5,36.15
2024-08-12 02:00:01,11.0,16.0,14.41,40.3,40.9,40.57,1698,12,35.8,36.5,36.10
2024-08-12 02:15:01,11.0,16.0,14.40,40.3,40.9,40.57,1712,12,35.8,36.5,36.02
2024-08-12 02:30:01,11.1,16.0,14.43,40.3,40.9,40.50,1719,12,35.8,36.5,36.02
2024-08-12 02:45:01,11.1,16.0,14.43,40.3,40.9,40.45,1731,12,35.8,36.5,36.02
2024-08-12 03:00:01,11.0,16.0,14.42,40.3,40.9,40.57,1739,12,35.8,36.5,36.02
2024-08-12 03:15:01,11.0,16.0,14.42,40.3,40.9,40.55,1751,12,35.8,36.5,36.02
2024-08-12 03:30:01,11.0,16.0,14.40,40.3,40.9,40.50,1752,12,35.8,36.5,36.02
2024-08-12 03:45:01,11.0,16.0,14.43,40.3,40.9,40.52,1758,12,35.8,36.5,36.02
2024-08-12 04:00:01,11.0,16.0,14.46,40.3,40.9,40.50,1766,12,35.8,36.5,36.02
2024-08-12 04:15:01,11.0,16.0,14.46,40.3,40.9,40.55,1771,12,35.5,36.5,35.95
2024-08-12 04:30:01,11.0,16.0,14.49,40.3,40.9,40.55,1783,12,35.5,36.5,35.95
2024-08-12 04:45:01,11.1,16.1,14.51,40.3,40.9,40.55,1803,12,35.5,36.5,35.95
2024-08-12 05:00:01,11.0,16.1,14.50,40.3,40.9,40.47,1814,12,35.5,36.5,35.95
2024-08-12 05:15:01,11.0,16.1,14.50,40.3,40.9,40.47,1825,12,35.5,36.5,35.95
2024-08-12 05:30:01,11.0,16.0,14.49,40.3,40.9,40.57,1842,12,35.5,36.5,35.95
2024-08-12 05:45:01,11.0,16.0,14.47,40.3,40.9,40.57,1853,12,35.5,36.5,35.95
2024-08-12 06:00:01,11.0,16.0,14.49,40.3,40.9,40.60,1861,12,35.5,36.5,35.95
2024-08-12 06:15:01,11.0,16.0,14.47,40.3,40.9,40.65,1882,12,35.5,36.5,35.95
2024-08-12 06:30:01,11.0,16.0,14.47,40.3,40.9,40.52,1899,12,35.5,36.5,35.95
2024-08-12 06:45:01,11.0,16.0,14.47,40.3,40.9,40.55,1914,12,35.5,36.5,35.95
2024-08-12 07:00:01,11.0,16.0,14.48,40.3,40.9,40.52,1915,12,35.5,36.5,35.95
2024-08-12 07:15:01,11.0,16.0,14.46,40.3,40.9,40.55,1918,12,35.5,36.5,35.95
2024-08-12 07:30:01,11.0,16.0,14.45,40.3,40.9,40.50,1926,12,35.5,36.5,35.95
2024-08-12 07:45:01,11.0,16.0,14.43,40.3,40.9,40.52,1946,12,35.5,36.5,35.95
2024-08-12 08:00:02,11.0,16.0,14.39,40.3,40.9,40.45,1961,12,35.5,36.5,35.95
2024-08-12 08:15:01,11.0,16.0,14.34,40.3,40.9,40.50,1966,12,35.5,36.5,35.95
2024-08-12 08:30:01,11.0,16.0,14.30,40.3,40.9,40.52,1970,12,35.8,36.5,36.02
2024-08-12 08:45:01,10.9,15.9,14.26,40.3,40.9,40.57,1972,12,35.8,36.5,36.15
2024-08-12 09:00:01,10.8,15.9,14.26,40.3,40.9,40.55,1975,12,35.8,36.5,36.15
2024-08-12 09:15:01,10.8,15.9,14.24,40.3,40.9,40.55,1975,12,35.8,36.8,36.22
2024-08-12 09:30:01,10.6,15.9,14.18,40.3,40.9,40.50,1982,12,35.8,36.8,36.22
2024-08-12 09:45:01,10.6,15.9,14.14,40.3,40.9,40.42,1983,12,35.8,36.8,36.22
2024-08-12 10:00:01,10.5,15.6,14.06,38.9,40.9,40.44,1989,12,36.0,36.8,36.27
2024-08-12 10:15:01,10.5,15.9,14.07,38.9,40.9,40.37,1999,12,36.0,36.8,36.27
2024-08-12 10:30:01,10.5,15.8,14.00,38.9,40.9,40.52,1999,12,36.0,36.8,36.27
2024-08-12 10:45:01,10.5,15.8,13.96,38.9,40.9,40.39,2001,12,36.0,36.8,36.33
2024-08-12 11:00:01,10.9,16.1,14.39,40.3,40.9,40.62,2029,12,36.0,37.0,36.38
2024-08-12 11:15:01,10.9,16.1,14.37,40.3,40.9,40.50,2033,12,36.0,37.0,36.45
2024-08-12 11:30:01,10.9,16.1,14.33,40.3,40.9,40.60,2038,12,36.3,37.0,36.52
2024-08-12 11:45:01,10.9,16.0,14.30,40.3,40.9,40.52,2047,12,36.3,37.0,36.52
2024-08-12 12:00:01,10.9,16.1,14.33,40.3,40.9,40.67,2053,12,36.3,37.0,36.52
2024-08-12 12:15:01,10.8,16.1,14.29,40.3,40.9,40.40,2072,12,36.3,37.0,36.52
2024-08-12 12:30:01,10.6,16.0,14.24,40.3,40.9,40.50,2075,12,36.3,37.0,36.65
2024-08-12 12:45:01,10.6,16.0,14.13,40.3,40.9,40.50,2080,12,36.3,37.3,36.72
2024-08-12 13:00:01,10.5,15.9,14.05,38.9,40.9,40.52,2081,12,36.5,37.3,36.77
2024-08-12 13:15:01,10.5,15.9,13.96,38.9,40.9,40.52,2083,12,36.5,37.3,36.83
2024-08-12 13:30:01,10.5,15.8,13.88,38.9,40.9,40.44,2087,12,36.5,37.5,36.88
2024-08-12 13:45:01,10.8,16.0,14.28,40.3,40.9,40.52,2094,12,36.5,37.5,36.95
2024-08-12 14:00:01,10.8,16.0,14.28,40.3,40.9,40.47,2096,12,36.5,37.5,36.95
2024-08-12 14:15:01,10.6,16.0,14.26,38.9,40.9,40.52,2099,12,36.5,37.5,36.95
2024-08-12 14:30:01,10.8,16.1,14.26,40.3,40.9,40.42,2100,12,36.5,37.5,36.95
2024-08-12 14:45:01,10.8,16.1,14.28,40.3,40.9,40.60,2104,12,36.5,37.5,36.95
2024-08-12 15:00:01,10.8,16.1,14.26,40.3,40.9,40.55,2114,12,36.5,37.5,36.95
2024-08-12 15:15:01,10.8,16.1,14.26,39.3,40.9,40.51,2115,12,36.5,37.5,36.95
2024-08-12 15:30:01,10.8,16.1,14.28,39.3,40.9,40.56,2120,12,36.5,37.3,36.90
2024-08-12 15:45:01,10.6,16.1,14.25,38.9,40.9,40.54,2120,12,36.5,37.3,36.77
2024-08-12 16:00:01,10.8,16.1,14.29,40.3,40.9,40.47,2120,12,36.5,37.3,36.77
2024-08-12 16:15:01,10.8,16.1,14.30,40.3,40.9,40.55,2123,12,36.5,37.3,36.77
2024-08-12 16:30:01,10.8,16.1,14.28,40.3,40.9,40.50,2127,12,36.5,37.3,36.77
2024-08-12 16:45:01,10.8,16.1,14.30,40.3,40.9,40.52,2135,12,36.5,37.3,36.77
2024-08-12 17:00:01,10.8,16.1,14.30,40.3,40.9,40.55,2137,12,36.3,37.3,36.72
2024-08-12 17:15:01,10.9,16.3,14.39,40.3,40.9,40.65,2151,12,36.3,37.3,36.72
2024-08-12 17:30:01,11.0,16.5,14.51,40.3,40.9,40.57,2161,12,36.3,37.3,36.72
2024-08-12 17:45:01,11.0,16.5,14.58,40.3,40.9,40.55,2177,12,36.3,37.0,36.65
2024-08-12 18:00:01,11.0,16.5,14.63,40.3,40.9,40.52,2198,12,36.3,37.3,36.72
2024-08-12 18:15:01,11.0,16.5,14.63,40.3,40.9,40.55,2214,12,36.3,37.3,36.72
2024-08-12 18:30:01,10.6,15.9,14.06,38.9,40.9,40.47,2278,12,36.3,37.3,36.72
2024-08-12 18:45:01,10.6,16.0,14.06,38.9,40.9,40.49,2281,12,36.5,37.3,36.83
2024-08-12 19:00:01,10.6,16.0,14.09,38.9,40.9,40.52,2283,12,36.5,37.3,36.83
2024-08-12 19:15:01,10.5,16.0,14.07,38.9,40.9,40.47,2284,12,36.5,37.3,36.83
2024-08-12 19:30:01,10.5,16.0,14.06,38.9,40.9,40.37,2285,12,36.5,37.3,36.77
2024-08-12 19:45:01,10.6,16.0,14.14,38.9,40.9,40.44,2285,12,36.3,37.0,36.60
2024-08-12 20:00:01,10.8,16.1,14.26,39.8,40.9,40.53,2291,12,36.0,37.0,36.45
2024-08-12 20:15:01,11.0,16.3,14.43,40.3,40.9,40.52,2303,12,36.0,36.8,36.35
2024-08-12 20:30:01,10.5,15.5,13.94,38.9,40.9,40.39,2340,12,35.8,36.8,36.22
2024-08-12 20:45:01,10.6,15.9,14.09,40.3,40.9,40.50,2341,12,35.8,36.5,36.15
2024-08-12 21:00:01,10.8,15.9,14.15,40.3,40.9,40.55,2342,12,35.8,36.5,36.02
2024-08-12 21:15:01,10.8,16.0,14.25,40.3,40.9,40.52,2344,12,35.8,36.5,36.02
2024-08-12 21:30:01,10.9,16.1,14.35,40.3,40.9,40.55,2351,12,35.8,36.5,36.02
2024-08-12 21:45:01,10.9,16.1,14.44,40.3,40.9,40.50,2359,12,35.8,36.5,36.02
2024-08-12 22:00:01,11.0,16.3,14.47,40.3,40.9,40.47,2363,12,35.8,36.5,36.02
2024-08-12 22:15:01,11.0,16.1,14.48,40.3,40.9,40.47,2366,12,35.5,36.5,35.95
2024-08-12 22:30:01,11.0,16.3,14.54,40.3,40.9,40.47,2371,12,35.5,36.5,35.95
2024-08-12 22:45:01,11.1,16.1,14.60,40.3,40.9,40.55,2371,12,35.5,36.5,35.95
2024-08-12 23:00:01,11.3,16.1,14.58,40.3,40.9,40.65,2374,12,35.5,36.3,35.90
2024-08-12 23:15:01,11.3,16.1,14.61,40.3,40.9,40.60,2378,12,35.5,36.3,35.90
2024-08-12 23:30:01,11.3,16.1,14.62,40.3,40.9,40.45,2399,12,35.5,36.3,35.77
2024-08-12 23:45:01,11.3,16.3,14.65,40.3,40.9,40.47,2404,12,35.5,36.3,35.77
2024-08-13 00:00:01,11.4,16.4,14.68,40.3,40.9,40.52,2428,12,35.5,36.5,35.95
2024-08-13 00:15:01,11.4,16.4,14.72,40.3,40.9,40.62,2435,12,35.5,36.5,35.95
2024-08-13 00:30:01,11.0,16.0,14.30,40.3,40.9,40.62,2464,12,35.5,36.5,35.95
2024-08-13 00:45:01,11.0,16.0,14.40,40.3,40.9,40.50,2466,12,35.5,36.5,35.95
2024-08-13 01:00:01,11.0,16.0,14.42,40.3,40.9,40.50,2473,12,35.5,36.5,35.95
2024-08-13 01:15:01,11.0,16.1,14.47,40.3,40.9,40.55,2483,12,35.5,36.5,35.95
2024-08-13 01:30:01,11.1,16.1,14.51,40.3,40.9,40.55,2488,12,35.5,36.3,35.83
2024-08-13 01:45:01,11.1,16.3,14.58,40.3,40.9,40.62,2502,12,35.5,36.3,35.83
2024-08-13 02:00:01,11.3,16.4,14.71,40.3,40.9,40.52,2509,12,35.5,36.3,35.83
2024-08-13 02:15:01,11.3,16.4,14.71,40.3,40.9,40.65,2515,12,35.5,36.3,35.77
2024-08-13 02:30:01,11.3,16.5,14.73,40.3,40.9,40.50,2525,12,35.5,36.3,35.77
2024-08-13 02:45:01,11.3,16.6,14.73,40.3,40.9,40.55,2531,12,35.5,36.3,35.77
2024-08-13 03:00:01,11.4,16.5,14.81,40.3,40.9,40.47,2543,12,35.5,36.3,35.90
2024-08-13 03:15:01,11.4,16.5,14.80,40.3,40.9,40.45,2551,12,35.5,36.3,35.90
2024-08-13 03:30:01,11.4,16.6,14.86,40.3,40.9,40.57,2581,12,35.5,36.5,35.95
2024-08-13 03:45:02,11.4,16.6,14.86,40.3,40.9,40.62,2596,12,35.5,36.5,35.95
2024-08-13 04:00:01,11.5,16.6,14.87,40.3,40.9,40.50,2613,12,35.5,36.5,35.95
2024-08-13 04:15:01,11.4,16.6,14.88,40.3,40.9,40.52,2626,12,35.5,36.5,35.95
2024-08-13 04:30:01,11.4,16.8,14.89,40.3,40.9,40.60,2644,12,35.5,36.5,35.95
2024-08-13 04:45:01,11.5,16.8,14.91,40.3,40.9,40.60,2657,12,35.5,36.5,35.95
2024-08-13 05:00:01,11.4,16.5,14.78,40.3,40.9,40.62,2665,12,35.5,36.5,35.95
2024-08-13 05:15:01,11.5,16.8,14.97,40.3,40.9,40.57,2685,12,35.5,37.2,36.25
2024-08-13 05:30:01,11.5,16.8,14.97,40.3,40.9,40.52,2726,12,35.5,36.5,35.95
2024-08-13 05:45:01,11.5,16.6,14.85,40.3,40.9,40.55,2740,12,35.5,36.5,35.95
2024-08-13 06:00:01,11.5,16.9,15.00,40.3,40.9,40.57,2746,12,35.5,36.5,35.95
2024-08-13 06:15:01,11.5,16.8,14.98,40.3,40.9,40.50,2764,12,35.5,36.5,35.95
2024-08-13 06:30:01,11.5,16.9,15.01,40.3,40.9,40.47,2782,12,35.5,36.5,35.95
2024-08-13 06:45:01,11.5,16.8,14.99,40.3,40.9,40.55,2800,12,35.5,36.5,35.95
2024-08-13 07:00:01,11.5,16.8,15.00,40.3,40.9,40.67,2826,12,35.5,36.5,35.95
2024-08-13 07:15:01,11.5,16.8,15.00,40.3,40.9,40.45,2834,12,35.5,36.5,35.95
2024-08-13 07:30:01,11.5,16.5,14.85,40.3,40.9,40.52,2841,12,35.5,36.5,35.95
2024-08-13 07:45:01,11.4,16.5,14.81,40.3,40.9,40.50,2848,12,35.5,36.5,35.95
2024-08-13 08:00:01,11.5,16.5,14.80,40.3,40.9,40.50,2851,12,35.5,36.5,35.95
2024-08-13 08:15:01,11.4,16.5,14.74,40.3,40.9,40.47,2855,12,35.5,36.5,35.95
2024-08-13 08:30:01,11.3,16.4,14.71,40.3,40.9,40.47,2859,12,35.5,36.5,35.95
2024-08-13 08:45:01,11.3,16.4,14.63,40.3,40.9,40.60,2860,12,35.8,36.5,36.02
2024-08-13 09:00:01,11.1,16.3,14.58,40.3,40.9,40.55,2863,12,35.8,36.5,36.02
2024-08-13 09:15:01,11.1,16.3,14.56,40.3,40.9,40.52,2864,12,35.8,36.5,36.08
2024-08-13 09:30:01,11.0,16.1,14.46,40.3,40.9,40.55,2866,12,35.8,36.5,36.08
2024-08-13 09:45:01,11.0,16.0,14.40,40.3,40.9,40.55,2868,12,35.8,36.8,36.15
2024-08-13 10:00:01,10.9,16.0,14.33,40.3,40.9,40.55,2870,12,35.8,36.8,36.22
2024-08-13 10:15:01,11.0,16.0,14.40,40.3,40.9,40.50,2872,12,35.8,36.8,36.22
2024-08-13 10:30:01,11.4,16.5,14.82,40.3,40.9,40.40,2877,12,36.0,36.8,36.27
2024-08-13 10:45:01,11.4,16.3,14.73,40.3,40.9,40.47,2881,12,36.0,36.8,36.27
2024-08-13 11:00:01,11.3,16.3,14.67,40.3,40.9,40.47,2882,12,35.8,36.8,36.22
2024-08-13 11:15:01,11.3,16.1,14.64,40.3,40.9,40.50,2886,12,35.8,36.8,36.22
2024-08-13 11:30:02,11.3,16.1,14.60,40.3,40.9,40.45,2888,12,35.8,36.8,36.22
2024-08-13 11:45:01,11.1,16.0,14.53,40.3,40.9,40.60,2890,12,35.8,36.8,36.22
2024-08-13 12:00:01,11.1,16.0,14.52,40.3,40.9,40.57,2893,12,35.8,36.8,36.22
2024-08-13 12:15:01,11.0,16.0,14.47,40.3,40.9,40.52,2895,12,35.8,36.8,36.22
2024-08-13 12:30:01,11.0,16.0,14.44,40.3,40.9,40.55,2896,12,35.8,36.8,36.22
2024-08-13 12:45:01,11.0,15.9,14.38,40.3,40.9,40.62,2898,12,35.8,36.8,36.22
2024-08-13 13:00:01,11.0,16.0,14.38,40.3,40.9,40.57,2898,12,35.8,36.8,36.22
2024-08-13 13:15:01,10.8,16.0,14.30,40.3,40.9,40.47,2901,12,36.0,36.8,36.27
2024-08-13 13:30:01,10.6,15.9,14.11,40.3,40.9,40.45,2902,12,36.0,37.0,36.33
2024-08-13 13:45:01,10.5,15.6,14.00,38.9,40.9,40.52,2904,12,36.0,37.0,36.45
2024-08-13 14:00:01,10.4,15.8,13.94,38.9,40.9,40.49,2904,12,36.0,37.0,36.45
2024-08-13 14:15:01,10.4,15.6,13.89,38.9,40.9,40.59,2907,12,36.0,37.0,36.45
2024-08-13 14:30:01,10.4,15.6,13.84,38.9,40.9,40.44,2907,12,36.0,37.0,36.45
2024-08-13 14:45:01,10.3,15.5,13.73,38.9,40.9,40.44,2907,12,36.0,37.0,36.45
2024-08-13 15:00:01,10.6,16.0,14.16,40.3,40.9,40.57,2926,12,36.3,37.0,36.52
2024-08-13 15:15:01,10.6,16.0,14.14,40.3,40.9,40.57,2928,12,36.3,37.0,36.52
2024-08-13 15:30:01,10.5,16.0,14.05,38.9,40.9,40.42,2928,12,36.3,37.0,36.52
2024-08-13 15:45:01,10.5,16.0,13.96,38.9,40.9,40.44,2928,12,36.3,37.0,36.60
2024-08-13 16:00:01,10.5,16.0,13.94,38.9,40.9,40.44,2931,12,36.3,37.0,36.60
2024-08-13 16:15:01,10.5,16.0,13.94,38.9,40.9,40.39,2931,12,36.3,37.0,36.65
2024-08-13 16:30:01,10.4,16.0,13.89,38.9,40.9,40.42,2932,12,36.3,37.0,36.65
2024-08-13 16:45:01,10.5,16.0,13.91,38.9,40.9,40.47,2935,12,36.3,37.0,36.65
2024-08-13 17:00:01,10.5,16.0,13.93,38.9,40.9,40.44,2936,12,36.3,37.0,36.65
2024-08-13 17:15:01,10.5,16.0,14.00,38.9,40.9,40.49,2937,12,36.3,37.0,36.65
2024-08-13 17:30:01,10.5,16.1,14.08,40.3,40.9,40.55,2940,12,36.3,37.0,36.65
2024-08-13 17:45:01,10.6,16.1,14.17,40.3,40.9,40.55,2941,12,36.3,37.0,36.65
2024-08-13 18:00:01,10.9,16.3,14.27,40.3,40.9,40.55,2948,12,36.3,37.0,36.52
2024-08-13 18:15:01,10.4,15.6,13.79,38.9,40.9,40.47,2992,12,36.3,37.0,36.52
2024-08-13 18:30:01,10.5,15.5,13.82,38.9,40.9,40.44,2992,12,36.3,37.0,36.52
2024-08-13 18:45:01,10.5,15.8,13.90,38.9,40.9,40.42,2992,12,36.0,37.0,36.45
2024-08-13 19:00:01,10.5,15.9,13.97,40.3,40.9,40.52,3000,12,36.0,37.0,36.45
2024-08-13 19:15:01,10.5,16.0,14.05,40.3,40.9,40.50,3000,12,36.0,37.0,36.45
2024-08-13 19:30:01,10.5,16.0,14.10,40.3,40.9,40.57,3008,12,36.0,37.0,36.38
2024-08-13 19:45:01,10.6,16.0,14.13,40.3,40.9,40.57,3012,12,36.0,36.8,36.33
2024-08-13 20:00:01,10.6,15.9,14.11,40.3,40.9,40.47,3014,12,36.0,36.8,36.27
2024-08-13 20:15:01,10.8,16.0,14.23,40.3,40.9,40.57,3017,12,36.0,36.8,36.27
2024-08-13 20:30:01,10.9,16.1,14.33,40.3,40.9,40.47,3028,12,36.0,36.8,36.27
2024-08-13 20:45:01,10.9,16.1,14.33,40.3,40.9,40.55,3032,12,36.0,36.8,36.27
2024-08-13 21:00:01,11.0,16.3,14.36,40.3,40.9,40.47,3033,12,36.0,36.5,36.20
2024-08-13 21:15:01,11.0,16.3,14.40,40.3,40.9,40.52,3041,12,36.0,36.5,36.20
2024-08-13 21:30:01,11.0,16.3,14.40,40.3,40.9,40.62,3052,12,35.8,36.5,36.10
2024-08-13 21:45:01,11.0,16.3,14.43,40.3,40.9,40.42,3064,12,35.8,36.5,36.10
2024-08-13 22:00:01,11.0,16.3,14.44,40.3,40.9,40.52,3077,12,35.8,36.5,36.02
2024-08-13 22:15:01,11.0,16.3,14.45,40.3,40.9,40.57,3078,12,35.8,36.5,36.02
2024-08-13 22:30:01,11.0,16.3,14.47,40.3,40.9,40.45,3082,12,35.8,36.5,36.02
2024-08-13 22:45:01,11.0,16.3,14.48,40.3,40.9,40.57,3086,12,35.8,36.5,36.02
2024-08-13 23:00:02,11.0,16.3,14.48,40.3,40.9,40.62,3098,12,35.8,36.5,36.02
2024-08-13 23:15:01,11.0,16.3,14.49,40.3,40.9,40.42,3102,12,35.8,36.5,36.02
2024-08-13 23:30:01,11.0,16.3,14.48,40.3,40.9,40.57,3103,12,35.8,36.5,36.02
2024-08-13 23:45:01,11.0,16.3,14.50,40.3,40.9,40.52,3112,12,35.8,36.5,36.02
2024-08-14 00:00:01,11.0,16.3,14.50,40.3,40.9,40.52,3117,12,35.8,36.5,36.02
2024-08-14 00:15:01,11.0,16.3,14.52,40.3,40.9,40.50,3131,12,35.8,36.5,36.02
2024-08-14 00:30:01,11.0,16.3,14.54,40.3,40.9,40.60,3148,12,35.8,36.5,36.02
2024-08-14 00:45:01,11.0,16.3,14.54,40.3,40.9,40.47,3158,12,35.8,36.5,36.02
2024-08-14 01:00:01,11.0,16.3,14.54,40.3,40.9,40.50,3165,12,35.8,36.5,36.02
2024-08-14 01:15:01,11.0,16.3,14.55,40.3,40.9,40.45,3184,12,35.8,36.5,36.02
2024-08-14 01:30:01,11.0,16.3,14.54,40.3,40.9,40.60,3197,12,35.5,36.5,35.95
2024-08-14 01:45:01,11.0,16.3,14.54,40.3,40.9,40.55,3210,12,35.5,36.5,35.95
2024-08-14 02:00:01,11.0,16.3,14.55,40.3,40.9,40.42,3218,12,35.5,36.5,35.95
2024-08-14 02:15:01,11.0,16.3,14.55,40.3,40.9,40.55,3234,12,35.5,36.5,35.95
2024-08-14 02:30:01,11.0,16.3,14.56,40.3,40.9,40.50,3245,12,35.5,36.5,35.95
2024-08-14 02:45:01,11.1,16.3,14.57,40.3,40.9,40.47,3256,12,35.5,36.5,35.95
2024-08-14 03:00:01,11.1,16.1,14.58,40.3,40.9,40.57,3275,12,35.5,36.5,35.95
2024-08-14 03:15:01,11.1,16.3,14.61,40.3,40.9,40.62,3293,12,35.5,36.5,35.95
2024-08-14 03:30:01,11.3,16.1,14.60,40.3,40.9,40.60,3329,12,35.5,36.5,35.95
2024-08-14 03:45:01,11.1,16.3,14.63,40.3,40.9,40.42,3352,12,35.5,36.5,35.95
2024-08-14 04:00:01,11.3,16.3,14.64,40.3,40.9,40.57,3382,12,35.5,36.5,35.95
2024-08-14 04:15:01,11.3,16.3,14.64,40.3,40.9,40.52,3394,12,35.5,36.5,35.95
2024-08-14 04:30:01,11.3,16.3,14.65,40.3,40.9,40.57,3413,12,35.5,36.5,35.95
2024-08-14 04:45:01,11.3,16.3,14.65,40.3,40.9,40.42,3423,12,35.5,36.5,35.95
2024-08-14 05:00:01,11.3,16.3,14.65,40.3,40.9,40.45,3427,12,35.5,36.5,35.95
2024-08-14 05:15:01,11.3,16.3,14.64,40.3,40.9,40.55,3440,12,35.5,36.5,35.95
2024-08-14 05:30:01,11.3,16.3,14.65,40.3,40.9,40.57,3457,12,35.5,36.5,35.95
2024-08-14 05:45:01,11.3,16.3,14.66,40.3,40.9,40.57,3480,12,35.5,36.5,35.95
2024-08-14 06:00:01,11.3,16.3,14.64,40.3,40.9,40.52,3493,12,35.5,36.5,35.95
2024-08-14 06:15:01,11.4,16.3,14.66,40.3,40.9,40.50,3499,12,35.5,36.3,35.90
2024-08-14 06:30:01,11.4,16.4,14.71,40.3,40.9,40.55,3516,12,35.5,36.3,35.90
2024-08-14 06:45:01,11.4,16.5,14.72,40.3,40.9,40.50,3526,12,35.5,36.5,35.88
2024-08-14 07:00:01,11.5,16.5,14.73,40.3,40.9,40.50,3531,12,35.5,36.5,35.95
2024-08-14 07:15:01,11.4,16.5,14.73,40.3,40.9,40.57,3540,12,35.5,36.5,35.95
2024-08-14 07:30:01,11.4,16.5,14.75,40.3,40.9,40.60,3572,12,35.5,36.5,35.95
2024-08-14 07:45:01,11.4,16.5,14.74,40.3,40.9,40.47,3587,12,35.5,36.5,35.95
2024-08-14 08:00:01,11.3,16.5,14.71,40.3,40.9,40.55,3591,12,35.5,36.5,35.95
2024-08-14 08:15:01,11.3,16.5,14.69,40.3,40.9,40.47,3603,12,35.5,36.5,35.95
2024-08-14 08:30:01,11.3,16.5,14.69,40.3,40.9,40.52,3610,12,35.5,36.5,35.95
2024-08-14 08:45:01,11.3,16.5,14.69,40.3,40.9,40.47,3634,12,35.5,36.5,35.95
2024-08-14 09:00:01,11.3,16.5,14.68,40.3,40.9,40.55,3641,12,35.8,36.5,36.02
2024-08-14 09:15:01,11.3,16.3,14.58,40.3,40.9,40.52,3653,12,35.8,36.5,36.02
2024-08-14 09:30:01,11.1,16.3,14.57,40.3,40.9,40.55,3662,12,35.8,36.5,36.02
2024-08-14 09:45:01,11.1,16.3,14.60,40.3,40.9,40.52,3668,12,35.8,36.5,36.02
2024-08-14 10:00:01,11.1,16.3,14.56,40.3,40.9,40.55,3673,12,35.8,36.5,36.02
2024-08-14 10:15:01,11.1,16.1,14.53,40.3,40.9,40.57,3674,12,35.8,36.5,36.10
2024-08-14 10:30:01,11.0,16.1,14.48,40.3,40.9,40.50,3681,12,35.8,36.8,36.22
2024-08-14 10:45:01,11.0,16.1,14.48,40.3,40.9,40.62,3683,12,35.8,36.8,36.22
2024-08-14 11:00:01,11.0,16.0,14.39,40.3,40.9,40.60,3684,12,35.8,36.8,36.22
2024-08-14 11:15:01,11.0,16.0,14.39,40.3,40.9,40.45,3691,12,35.8,36.8,36.22
2024-08-14 11:30:01,11.0,16.0,14.38,40.3,40.9,40.47,3693,12,35.8,36.8,36.17
2024-08-14 11:45:01,11.0,16.0,14.32,40.3,40.9,40.50,3695,12,35.8,36.8,36.17
2024-08-14 12:00:01,10.9,16.0,14.30,40.3,40.9,40.52,3697,12,35.8,36.8,36.17
2024-08-14 12:15:01,10.9,16.0,14.26,40.3,40.9,40.60,3698,12,35.8,36.8,36.17
2024-08-14 12:30:01,10.9,16.0,14.25,40.3,40.9,40.47,3698,12,35.8,36.8,36.22
2024-08-14 12:45:01,10.9,16.0,14.27,40.3,40.9,40.62,3700,12,35.8,36.8,36.22
2024-08-14 13:00:01,10.9,16.0,14.30,40.3,40.9,40.45,3708,12,35.8,36.8,36.22
2024-08-14 13:15:01,10.9,16.0,14.31,40.3,40.9,40.55,3709,12,35.8,36.8,36.22
2024-08-14 13:30:01,11.0,16.0,14.33,40.3,40.9,40.52,3709,12,35.8,36.8,36.22
2024-08-14 13:45:01,11.0,16.0,14.39,40.3,40.9,40.52,3710,12,35.8,36.8,36.22
2024-08-14 14:00:01,11.0,16.0,14.39,40.3,40.9,40.60,3713,12,35.8,36.8,36.22
2024-08-14 14:15:01,11.0,16.0,14.39,40.3,40.9,40.47,3713,12,35.8,36.8,36.22
2024-08-14 14:30:01,11.0,16.0,14.38,40.3,40.9,40.50,3715,12,35.8,36.8,36.22
2024-08-14 14:45:01,11.0,16.0,14.32,40.3,40.9,40.47,3718,12,35.8,36.8,36.22
2024-08-14 15:00:01,10.9,16.0,14.30,40.3,40.9,40.52,3722,12,35.8,36.8,36.22
2024-08-14 15:15:01,10.9,15.9,14.27,40.3,40.9,40.50,3723,12,35.8,36.8,36.22
2024-08-14 15:30:01,10.9,16.0,14.27,40.3,40.9,40.47,3726,12,35.8,36.8,36.22
2024-08-14 15:45:01,10.9,15.9,14.22,40.3,40.9,40.47,3728,12,35.8,36.8,36.22
2024-08-14 16:00:01,10.9,15.9,14.24,40.3,40.9,40.47,3732,12,35.8,36.8,36.22
2024-08-14 16:15:01,10.9,16.0,14.26,40.3,40.9,40.50,3734,12,35.8,36.8,36.22
2024-08-14 16:30:01,10.9,16.0,14.29,40.3,40.9,40.47,3734,12,35.8,36.8,36.22
2024-08-14 16:45:01,10.9,16.0,14.30,40.3,40.9,40.50,3734,12,35.8,36.8,36.22
2024-08-14 17:00:01,11.0,16.0,14.32,40.3,40.9,40.52,3736,12,35.8,36.8,36.22
2024-08-14 17:15:01,10.9,16.0,14.31,40.3,40.9,40.60,3737,12,35.8,36.8,36.22
2024-08-14 17:30:01,11.0,16.0,14.35,40.3,40.9,40.50,3741,12,35.8,36.8,36.22
2024-08-14 17:45:01,11.0,16.0,14.40,40.3,40.9,40.57,3745,12,35.8,36.8,36.22
2024-08-14 18:00:02,11.0,16.0,14.41,40.3,40.9,40.50,3746,12,35.8,36.8,36.22
2024-08-14 18:15:01,11.0,16.0,14.42,40.3,40.9,40.55,3747,12,35.8,36.8,36.10
2024-08-14 18:30:01,11.0,16.1,14.50,40.3,40.9,40.57,3748,12,35.8,36.5,36.02
2024-08-14 18:45:01,11.0,16.1,14.49,40.3,40.9,40.50,3749,12,35.8,36.5,36.02
2024-08-14 19:00:01,11.1,16.1,14.53,40.3,40.9,40.55,3756,12,35.8,36.5,36.02
2024-08-14 19:15:01,11.1,16.1,14.56,40.3,40.9,40.50,3759,12,35.8,36.5,36.02
2024-08-14 19:30:01,11.1,16.3,14.60,40.3,40.9,40.55,3761,12,35.8,36.5,36.02
2024-08-14 19:45:01,11.3,16.4,14.63,40.3,40.9,40.50,3763,12,35.8,36.5,36.02
2024-08-14 20:00:01,11.1,16.4,14.63,40.3,40.9,40.47,3770,12,35.8,36.5,36.02
2024-08-14 20:15:01,11.1,16.4,14.64,40.3,40.9,40.55,3771,12,35.5,36.5,35.95
2024-08-14 20:30:01,11.3,16.4,14.66,40.3,40.9,40.55,3780,12,35.5,36.5,35.95
2024-08-14 20:45:01,11.3,16.4,14.66,40.3,40.9,40.57,3782,12,35.5,36.5,35.95
2024-08-14 21:00:01,11.3,16.4,14.65,40.3,40.9,40.50,3789,12,35.5,36.5,35.95
2024-08-14 21:15:01,11.3,16.4,14.66,40.3,40.9,40.62,3792,12,35.5,36.5,35.95
2024-08-14 21:30:01,11.3,16.4,14.68,40.3,40.9,40.47,3802,12,35.5,36.5,35.95
2024-08-14 21:45:01,11.3,16.4,14.69,40.3,40.9,40.55,3809,12,35.5,36.5,35.95
2024-08-14 22:00:01,11.3,16.4,14.71,40.3,40.9,40.50,3814,12,35.5,36.5,35.95
2024-08-14 22:15:01,11.3,16.4,14.71,40.3,40.9,40.50,3829,12,35.5,36.5,35.95
2024-08-14 22:30:01,11.4,16.4,14.74,40.3,40.9,40.50,3846,12,35.5,36.5,35.95
2024-08-14 22:45:01,11.4,16.4,14.74,40.3,40.9,40.57,3856,12,35.5,36.3,35.90
2024-08-14 23:00:01,11.4,16.5,14.79,40.3,40.9,40.47,3866,12,35.5,36.3,35.90
2024-08-14 23:15:01,11.5,16.5,14.80,40.3,40.9,40.57,3874,12,35.5,36.3,35.85
2024-08-14 23:30:01,11.5,16.5,14.84,40.3,40.9,40.50,3885,12,35.5,36.3,35.77
2024-08-14 23:45:01,11.0,16.0,14.41,40.3,40.9,40.60,3905,12,35.5,36.5,35.83
2024-08-15 00:00:01,11.0,16.0,14.45,40.3,40.9,40.57,3906,12,35.5,36.5,35.95
2024-08-15 00:15:01,11.1,16.1,14.52,40.3,40.9,40.62,3906,12,35.5,36.5,35.95
2024-08-15 00:30:01,11.3,16.3,14.57,40.3,40.9,40.60,3908,12,35.5,36.5,35.95
2024-08-15 00:45:01,11.3,16.4,14.62,40.3,40.9,40.57,3918,12,35.5,36.5,35.95
2024-08-15 01:00:01,11.3,16.5,14.69,40.3,40.9,40.50,3925,12,35.5,36.3,35.85
2024-08-15 01:15:01,11.3,16.5,14.70,40.3,40.9,40.47,3927,12,35.5,36.3,35.77
2024-08-15 01:30:01,11.3,16.5,14.67,40.3,40.9,40.57,3934,12,35.5,36.3,35.77
2024-08-15 01:45:01,11.5,16.5,14.79,40.3,40.9,40.62,3958,12,35.5,36.3,35.77
2024-08-15 02:00:01,11.5,16.5,14.82,40.3,40.9,40.55,3963,12,35.5,36.3,35.77
2024-08-15 02:15:02,11.5,16.5,14.85,40.3,40.9,40.62,3971,12,35.5,36.3,35.77
2024-08-15 02:30:01,11.5,16.6,14.88,40.3,40.9,40.55,3981,12,35.5,36.3,35.77
2024-08-15 02:45:01,11.5,16.8,14.97,40.3,40.9,40.50,3996,12,35.3,36.3,35.72
2024-08-15 03:00:01,11.5,16.9,14.98,40.3,40.9,40.60,4017,12,35.3,36.3,35.72
2024-08-15 03:15:01,11.5,16.9,14.98,40.3,40.9,40.60,4044,12,35.5,36.3,35.77
2024-08-15 03:30:01,11.9,16.9,14.96,40.3,40.9,40.57,4063,12,35.5,36.3,35.77
2024-08-15 03:45:01,12.0,17.0,14.96,40.3,40.9,40.55,4085,12,35.5,36.3,35.77
2024-08-15 04:00:01,12.0,17.0,14.99,40.3,40.9,40.62,4119,12,35.5,36.3,35.77
2024-08-15 04:15:01,11.9,17.0,15.01,40.3,40.9,40.57,4150,12,35.5,36.3,35.77
2024-08-15 04:30:01,11.8,16.9,15.00,40.3,40.9,40.52,4172,12,35.5,36.3,35.77
2024-08-15 04:45:01,11.8,17.0,15.04,40.3,40.9,40.57,4187,12,35.5,36.3,35.77
2024-08-15 05:00:01,11.6,17.0,15.04,40.3,40.9,40.50,4204,12,35.5,36.3,35.77
2024-08-15 05:15:01,11.1,16.5,14.54,40.3,40.9,40.47,4240,12,35.5,36.3,35.77
2024-08-15 05:30:01,11.6,16.9,15.01,40.3,40.9,40.47,4256,12,35.5,36.3,35.77
2024-08-15 05:45:01,11.1,16.4,14.53,40.3,40.9,40.52,4316,12,35.5,36.3,35.77
2024-08-15 06:00:01,11.1,16.4,14.55,40.3,40.9,40.47,4365,12,35.5,36.3,35.77
2024-08-15 06:15:01,11.1,16.5,14.58,40.3,40.9,40.47,4368,12,35.5,36.3,35.77
2024-08-15 06:30:01,11.1,16.5,14.57,40.3,40.9,40.52,4374,12,35.5,36.3,35.77
2024-08-15 06:45:01,11.3,16.5,14.63,40.3,40.9,40.50,4378,12,35.5,36.3,35.77
2024-08-15 07:00:01,11.3,16.5,14.66,40.3,40.9,40.52,4392,12,35.5,36.3,35.77
2024-08-15 07:15:01,11.1,16.4,14.60,40.3,40.9,40.65,4395,12,35.5,36.3,35.77
2024-08-15 07:30:01,11.1,16.4,14.60,40.3,40.9,40.57,4397,12,35.5,36.3,35.77
2024-08-15 07:45:01,11.3,16.4,14.65,40.3,40.9,40.52,4404,12,35.5,36.3,35.77
2024-08-15 08:00:01,11.1,16.4,14.57,40.3,40.9,40.55,4413,12,35.5,36.3,35.77
2024-08-15 08:15:01,11.1,16.4,14.58,40.3,40.9,40.60,4420,12,35.5,36.3,35.77
2024-08-15 08:30:01,11.1,16.4,14.54,40.3,40.9,40.60,4421,12,35.5,36.3,35.77
2024-08-15 08:45:01,11.1,16.3,14.53,40.3,40.9,40.50,4427,12,35.5,36.3,35.77
2024-08-15 09:00:01,11.0,16.3,14.51,40.3,40.9,40.52,4427,12,35.5,36.3,35.77
2024-08-15 09:15:01,11.0,16.3,14.49,40.3,40.9,40.50,4429,12,35.5,36.3,35.77
2024-08-15 09:30:01,11.0,16.3,14.45,40.3,40.9,40.60,4430,12,35.5,36.3,35.77
2024-08-15 09:45:01,10.8,16.1,14.28,40.3,40.9,40.52,4431,12,35.5,36.3,35.77
2024-08-15 10:00:01,11.3,16.5,14.68,40.3,40.9,40.65,4435,12,35.5,36.5,35.95
2024-08-15 10:15:01,11.1,16.5,14.62,40.3,40.9,40.52,4437,12,35.5,36.5,35.95
2024-08-15 10:30:01,11.3,16.3,14.54,40.3,40.9,40.55,4440,12,35.8,36.5,36.02
2024-08-15 10:45:01,11.5,16.0,14.41,40.3,40.9,40.55,4441,12,35.8,36.5,36.02
2024-08-15 11:00:01,11.8,16.5,14.82,40.3,40.9,40.50,4461,12,35.8,36.5,36.15
2024-08-15 11:15:01,11.6,16.5,14.69,40.3,40.9,40.42,4466,12,35.8,36.5,36.15
2024-08-15 11:30:01,11.5,16.5,14.69,40.3,40.9,40.60,4467,12,35.8,36.8,36.22
2024-08-15 11:45:01,11.5,16.6,14.80,40.3,40.9,40.60,4470,12,35.8,36.8,36.22
2024-08-15 12:00:01,11.5,16.6,14.80,40.3,40.9,40.45,4479,12,35.8,36.8,36.22
2024-08-15 12:15:01,11.4,16.6,14.79,40.3,40.9,40.55,4484,12,35.8,36.8,36.22
2024-08-15 12:30:01,11.3,16.5,14.63,40.3,40.9,40.55,4488,12,35.8,36.8,36.22
2024-08-15 12:45:01,11.3,16.5,14.61,40.3,40.9,40.50,4493,12,36.0,36.8,36.27
2024-08-15 13:00:01,11.3,16.4,14.60,40.3,40.9,40.65,4494,12,36.0,36.8,36.27
2024-08-15 13:15:01,11.3,16.3,14.52,40.3,40.9,40.55,4495,12,36.0,36.8,36.27
2024-08-15 13:30:01,11.3,16.1,14.52,40.3,40.9,40.50,4498,12,36.0,36.8,36.27
2024-08-15 13:45:01,11.0,16.1,14.50,40.3,40.9,40.52,4502,12,36.0,36.8,36.27
2024-08-15 14:00:01,11.0,16.1,14.48,40.3,40.9,40.55,4502,12,36.0,36.8,36.27
2024-08-15 14:15:01,11.0,16.1,14.44,40.3,40.9,40.50,4502,12,36.0,37.0,36.45
2024-08-15 14:30:01,11.0,16.1,14.46,40.3,40.9,40.47,4502,12,36.0,37.0,36.45
2024-08-15 14:45:01,10.9,16.0,14.32,40.3,40.9,40.40,4503,12,36.0,37.0,36.45
2024-08-15 15:00:01,10.9,16.0,14.25,40.3,40.9,40.57,4508,12,36.0,37.0,36.45
2024-08-15 15:15:01,10.6,16.0,14.16,40.3,40.9,40.50,4509,12,36.3,37.0,36.52
2024-08-15 15:30:01,10.6,16.0,14.13,40.3,40.9,40.52,4510,12,36.3,37.0,36.52
2024-08-15 15:45:01,10.6,16.0,14.15,40.3,40.9,40.67,4510,12,36.3,37.0,36.52
2024-08-15 16:00:01,10.8,16.0,14.19,40.3,40.9,40.60,4511,12,36.3,37.0,36.52
2024-08-15 16:15:01,10.8,16.0,14.20,40.3,40.9,40.45,4513,12,36.0,37.0,36.45
2024-08-15 16:30:01,10.6,16.0,14.18,40.3,40.9,40.52,4513,12,36.0,37.0,36.45
2024-08-15 16:45:01,10.8,16.0,14.24,40.3,40.9,40.50,4515,12,36.0,37.0,36.45
2024-08-15 17:00:01,10.8,16.1,14.31,40.3,40.9,40.60,4516,12,36.0,36.8,36.40
2024-08-15 17:15:01,10.9,16.0,14.33,40.3,40.9,40.52,4519,12,36.0,36.8,36.40
2024-08-15 17:30:01,11.0,16.0,14.37,40.3,40.9,40.37,4522,12,36.0,36.8,36.27
2024-08-15 17:45:01,11.0,16.4,14.47,40.3,40.9,40.60,4529,12,36.0,36.8,36.27
2024-08-15 18:00:01,11.0,16.4,14.47,40.3,40.9,40.47,4530,12,36.0,36.8,36.27
2024-08-15 18:15:01,11.0,16.4,14.50,40.3,40.9,40.47,4531,12,36.0,36.8,36.27
2024-08-15 18:30:01,11.0,16.4,14.50,40.3,40.9,40.65,4539,12,36.0,36.8,36.27
2024-08-15 18:45:01,11.0,16.4,14.50,40.3,40.9,40.50,4543,12,36.0,36.8,36.27
2024-08-15 19:00:01,11.1,16.4,14.53,40.3,40.9,40.47,4546,12,36.0,36.8,36.33
2024-08-15 19:15:01,11.3,16.4,14.60,40.3,40.9,40.57,4547,12,36.0,36.8,36.40
2024-08-15 19:30:01,11.3,16.4,14.57,40.3,40.9,40.52,4548,12,36.0,37.0,36.45
2024-08-15 19:45:01,11.3,16.3,14.55,40.3,40.9,40.62,4550,12,36.0,37.0,36.45
2024-08-15 20:00:01,11.1,16.3,14.54,40.3,40.9,40.57,4555,12,36.0,37.0,36.45
2024-08-15 20:15:01,11.3,16.1,14.55,40.3,40.9,40.52,4559,12,36.0,37.0,36.45
2024-08-15 20:30:01,11.3,16.3,14.57,40.3,40.9,40.42,4562,12,36.0,37.0,36.45
2024-08-15 20:45:01,11.3,16.1,14.56,40.3,40.9,40.50,4564,12,36.0,37.0,36.45
2024-08-15 21:00:01,11.3,16.3,14.58,40.3,40.9,40.52,4571,12,36.0,37.0,36.45
2024-08-15 21:15:01,11.3,16.1,14.56,40.3,40.9,40.57,4574,12,36.0,37.0,36.45
2024-08-15 21:30:01,11.3,16.1,14.56,40.3,40.9,40.47,4575,12,36.0,36.8,36.27
2024-08-15 21:45:01,11.3,16.1,14.54,40.3,40.9,40.52,4577,12,36.0,36.8,36.27
2024-08-15 22:00:01,11.3,16.0,14.52,40.3,40.9,40.60,4588,12,36.0,36.8,36.27
2024-08-15 22:15:01,11.3,16.0,14.52,40.3,40.9,40.65,4590,12,36.0,36.8,36.27
2024-08-15 22:30:01,11.3,16.0,14.55,40.3,40.9,40.47,4592,12,36.0,36.8,36.27
2024-08-15 22:45:01,11.3,16.0,14.54,40.3,40.9,40.55,4599,12,36.0,36.8,36.27
2024-08-15 23:00:01,11.3,16.0,14.54,40.3,40.9,40.57,4604,12,36.0,36.8,36.27
2024-08-15 23:15:01,11.3,16.0,14.55,40.3,40.9,40.60,4606,12,36.0,36.8,36.27
2024-08-15 23:30:01,11.3,16.1,14.57,40.3,40.9,40.52,4609,12,36.0,36.8,36.27
2024-08-15 23:45:01,11.3,16.1,14.57,40.3,40.9,40.62,4610,12,36.0,36.8,36.27
2024-08-16 00:00:01,11.3,16.1,14.58,40.3,40.9,40.40,4611,12,35.8,36.8,36.22
2024-08-16 00:15:01,11.3,16.1,14.60,40.3,40.9,40.55,4614,12,35.8,36.8,36.22
2024-08-16 00:30:01,11.3,16.1,14.61,40.3,40.9,40.50,4619,12,35.8,36.8,36.22
2024-08-16 00:45:01,11.3,16.1,14.61,40.3,40.9,40.55,4623,12,35.8,36.8,36.22
2024-08-16 01:00:01,11.3,16.1,14.63,40.3,40.9,40.47,4627,12,35.8,36.8,36.22
2024-08-16 01:15:01,11.4,16.1,14.62,40.3,40.9,40.45,4627,12,35.8,36.8,36.22
2024-08-16 01:30:01,11.4,16.3,14.71,40.3,40.9,40.40,4636,12,35.8,36.8,36.22
2024-08-16 01:45:01,11.5,16.4,14.80,40.3,40.9,40.45,4641,12,35.8,36.8,36.22
2024-08-16 02:00:01,11.0,16.0,14.38,40.3,40.9,40.57,4665,12,35.8,36.8,36.22
2024-08-16 02:15:01,11.0,16.0,14.38,40.3,40.9,40.52,4665,12,35.8,36.8,36.22
2024-08-16 02:30:01,11.0,16.0,14.41,40.3,40.9,40.65,4669,12,35.8,36.5,36.02
2024-08-16 02:45:01,11.0,16.0,14.45,40.3,40.9,40.52,4671,12,35.8,36.5,36.02
2024-08-16 03:00:01,11.1,16.1,14.45,40.3,40.9,40.60,4672,12,35.8,36.5,36.02
2024-08-16 03:15:01,11.1,16.1,14.45,40.3,40.9,40.57,4684,12,35.8,36.5,36.02
2024-08-16 03:30:01,11.1,16.1,14.53,40.3,40.9,40.50,4694,12,35.8,36.5,36.02
